Index,TokensCount,TypesCount,TypesCountMean,TypesCountStdDev,Sentences,Language,Modified,Title,Author
0,10840,1550,6.9935484,30.518057,419,en,1704194852403,Abraham_Lincoln_1852-07-06,
1,33361,2445,13.644581,75.07835,1466,en,1704194852407,Abraham_Lincoln_1854-10-16,
2,3221,881,3.6560726,12.0961485,128,en,1704194852407,Abraham_Lincoln_1858-06-16,
3,13781,1439,9.57679,37.441723,526,en,1704194852407,Abraham_Lincoln_1860-02-27,
4,154,98,1.5714285,1.1753482,9,en,1704194852659,Abraham_Lincoln_1861-02-11,
5,3642,1009,3.6095145,12.408481,135,en,1704194852407,Abraham_Lincoln_1861-03-04,
6,6273,1449,4.3291926,19.750376,210,en,1704194852407,Abraham_Lincoln_1861-07-04,
7,6999,1774,3.9453213,20.7571,213,en,1704194852407,Abraham_Lincoln_1861-12-03,
8,8414,1939,4.33935,21.449808,312,en,1704194852407,Abraham_Lincoln_1862-12-01,
9,715,263,2.7186313,5.9093595,8,en,1704194852691,Abraham_Lincoln_1863-01-01,
10,3378,594,5.6868687,13.418152,188,en,1704194852407,Abraham_Lincoln_1863-08-26,
11,271,138,1.9637681,2.0124047,10,en,1704194852691,Abraham_Lincoln_1863-11-19,
12,6130,1645,3.7264438,18.975668,195,en,1704194852411,Abraham_Lincoln_1863-12-08,
13,5879,1638,3.589133,18.895632,205,en,1704194852411,Abraham_Lincoln_1864-12-06,
14,701,338,2.0739646,4.1072965,26,en,1704194852691,Abraham_Lincoln_1865-03-04,
15,1128,500,2.256,6.4704094,25,en,1704194852731,Andrew_Jackson_1829-03-04,
16,401,152,2.6381578,5.224179,4,en,1704194852731,Andrew_Jackson_1829-05-11,
17,10542,2225,4.7379775,28.89847,299,en,1704194852411,Andrew_Jackson_1829-12-08,
18,887,341,2.601173,6.688832,27,en,1704194852775,Andrew_Jackson_1830-05-06,
19,5484,1288,4.257764,20.446348,125,en,1704194852411,Andrew_Jackson_1830-05-27,
20,846,197,4.2944164,9.497293,5,en,1704194852775,Andrew_Jackson_1830-10-05,
21,15033,2630,5.7159696,38.22086,388,en,1704194852411,Andrew_Jackson_1830-12-06,
22,2615,730,3.5821917,13.983705,70,en,1704194852411,Andrew_Jackson_1831-02-22,
23,7193,1707,4.213825,21.898344,166,en,1704194852411,Andrew_Jackson_1831-12-06,
24,409,196,2.0867348,3.8706825,8,en,1704194852775,Andrew_Jackson_1832-02-15,
25,8104,1464,5.535519,27.674805,240,en,1704194852411,Andrew_Jackson_1832-07-10,
26,7879,1819,4.331501,24.350542,199,en,1704194852411,Andrew_Jackson_1832-12-04,
27,591,265,2.2301886,4.2679915,9,en,1704194852775,Andrew_Jackson_1832-12-06,
28,8905,1671,5.329144,26.607088,273,en,1704194852415,Andrew_Jackson_1832-12-10,
29,11453,1850,6.1908107,38.980114,206,en,1704194852415,Andrew_Jackson_1833-01-16,
30,1176,474,2.4810126,6.914508,30,en,1704194852775,Andrew_Jackson_1833-03-04,
31,7393,1505,4.9122925,28.31745,163,en,1704194852415,Andrew_Jackson_1833-09-18,
32,7908,1665,4.7495494,27.217701,187,en,1704194852415,Andrew_Jackson_1833-12-03,
33,313,145,2.1586206,4.1410475,7,en,1704194852775,Andrew_Jackson_1833-12-12,
34,12625,1972,6.4021297,42.303585,256,en,1704194852415,Andrew_Jackson_1834-04-15,
35,456,200,2.28,3.9610667,7,en,1704194852775,Andrew_Jackson_1834-04-21,
36,13467,2483,5.4236813,36.363,319,en,1704194852415,Andrew_Jackson_1834-12-01,
37,10835,2160,5.016204,32.066284,240,en,1704194852415,Andrew_Jackson_1835-12-07,
38,12383,2302,5.3792353,36.217075,292,en,1704194852415,Andrew_Jackson_1836-12-05,
39,1802,630,2.8603175,9.053077,39,en,1704194852415,Andrew_Jackson_1836-12-21,
40,8254,1802,4.5804663,24.064308,187,en,1704194852419,Andrew_Jackson_1837-03-04,
41,356,164,2.1707318,3.2173033,15,en,1704194852775,Andrew_Johnson_1865-04-17,
42,233,136,1.7132353,1.9885155,3,en,1704194852775,Andrew_Johnson_1865-04-29,
43,904,316,2.8607595,7.200942,37,en,1704194852775,Andrew_Johnson_1865-05-02,
44,1034,350,2.9542856,8.522895,20,en,1704194852779,Andrew_Johnson_1865-05-29,
45,953,335,2.8447762,7.5621037,29,en,1704194852779,Andrew_Johnson_1865-05-29_2,
46,272,115,2.3652174,3.0731733,2,en,1704194852779,Andrew_Johnson_1865-06-02,
47,302,138,2.1884058,3.723178,10,en,1704194852779,Andrew_Johnson_1865-06-06,
48,8640,2451,3.525092,24.037107,278,en,1704194852419,Andrew_Johnson_1865-12-04,
49,645,286,2.2552447,5.538499,13,en,1704194852779,Andrew_Johnson_1865-12-18,
50,3884,999,3.887888,15.826889,102,en,1704194852419,Andrew_Johnson_1866-02-19,
51,4432,999,4.4364367,18.450653,106,en,1704194852419,Andrew_Johnson_1866-03-27,
52,1381,427,3.2341921,10.030772,9,en,1704194852779,Andrew_Johnson_1866-04-02,
53,1293,390,3.3153846,10.209402,23,en,1704194852779,Andrew_Johnson_1866-07-24,
54,1941,483,4.0186334,13.691536,9,en,1704194852419,Andrew_Johnson_1866-08-20,
55,7151,1785,4.0061626,23.552025,202,en,1704194852419,Andrew_Johnson_1866-12-03,
56,2886,760,3.7973685,14.314683,64,en,1704194852419,Andrew_Johnson_1867-01-28,
57,1446,461,3.1366594,8.925097,25,en,1704194852779,Andrew_Johnson_1867-01-29,
58,6742,1487,4.533961,21.038197,205,en,1704194852419,Andrew_Johnson_1867-03-02,
59,2124,665,3.193985,10.015799,61,en,1704194852419,Andrew_Johnson_1867-03-23,
60,1831,500,3.662,10.60248,46,en,1704194852419,Andrew_Johnson_1867-06-20,
61,4633,915,5.063388,19.66693,144,en,1704194852419,Andrew_Johnson_1867-07-19,
62,1276,429,2.974359,8.661699,20,en,1704194852779,Andrew_Johnson_1867-09-07,
63,12028,2546,4.724273,29.764038,382,en,1704194852419,Andrew_Johnson_1867-12-03,
64,5426,1079,5.0287304,20.245802,208,en,1704194852419,Andrew_Johnson_1867-12-12,
65,3605,740,4.8716216,17.650984,100,en,1704194852423,Andrew_Johnson_1868-02-11,
66,3237,635,5.0976377,17.501507,84,en,1704194852423,Andrew_Johnson_1868-02-22,
67,792,329,2.4072948,5.7119427,19,en,1704194852779,Andrew_Johnson_1868-03-25,
68,1334,447,2.98434,8.44859,28,en,1704194852779,Andrew_Johnson_1868-06-20,
69,3407,692,4.9234104,20.313639,64,en,1704194852423,Andrew_Johnson_1868-07-18,
70,1629,427,3.8149884,10.570397,34,en,1704194852779,Andrew_Johnson_1868-07-20,
71,9883,2243,4.4061522,27.789213,280,en,1704194852423,Andrew_Johnson_1868-12-08,
72,4106,1439,2.8533704,12.55619,157,en,1704194852423,Benjamin_Harrison_1889-03-04,
73,359,175,2.0514286,4.165083,11,en,1704194852779,Benjamin_Harrison_1889-04-04,
74,766,305,2.5114753,4.858596,18,en,1704194852779,Benjamin_Harrison_1889-06-04,
75,13038,2617,4.9820404,34.524555,437,en,1704194852423,Benjamin_Harrison_1889-12-03,
76,13027,2614,4.98355,34.529488,438,en,1704194852423,Benjamin_Harrison_1889-12-03_2,
77,208,110,1.8909091,2.259924,10,en,1704194852779,Benjamin_Harrison_1890-04-19,
78,290,175,1.6571429,1.9109914,13,en,1704194852779,Benjamin_Harrison_1890-05-30,
79,377,209,1.8038278,2.436656,8,en,1704194852779,Benjamin_Harrison_1890-06-19,
80,946,257,3.680934,9.2689495,10,en,1704194852779,Benjamin_Harrison_1890-10-23,
81,11568,2451,4.719706,30.82476,362,en,1704194852423,Benjamin_Harrison_1890-12-01,
82,11567,2450,4.7212243,30.830961,361,en,1704194852423,Benjamin_Harrison_1890-12-01_2,
83,490,211,2.322275,5.2154007,11,en,1704194852783,Benjamin_Harrison_1891-01-31,
84,16368,2928,5.5901637,40.88781,456,en,1704194852427,Benjamin_Harrison_1891-12-09,
85,16368,2928,5.5901637,40.88781,456,en,1704194852427,Benjamin_Harrison_1891-12-09_2,
86,6005,1352,4.441568,21.35477,153,en,1704194852427,Benjamin_Harrison_1892-01-25,
87,303,149,2.033557,3.822791,7,en,1704194852783,Benjamin_Harrison_1892-01-28,
88,7908,1864,4.2424893,23.196058,245,en,1704194852427,Benjamin_Harrison_1892-09-03,
89,13715,2650,5.175472,35.284634,421,en,1704194852427,Benjamin_Harrison_1892-12-06,
90,13715,2650,5.175472,35.284634,421,en,1704194852427,Benjamin_Harrison_1892-12-06_2,
91,656,279,2.3512545,5.673863,26,en,1704194852783,Benjamin_Harrison_1893-02-15,
92,2079,740,2.8094594,9.239567,53,en,1704194852427,Benjamin_Harrison_1893-08-08,
93,6196,1494,4.147256,21.538975,148,en,1704194852427,Benjamin_Harrison_1893-12-18,
94,428,197,2.1725888,4.1454005,11,en,1704194852811,Benjamin_Harrison_1894-07-08,
95,6978,1686,4.13879,19.847273,277,en,1704194852427,Calvin_Coolidge_1924-12-03,
96,3786,1318,2.872534,10.761182,196,en,1704194852427,Calvin_Coolidge_1925-03-04,
97,6320,1676,3.770883,17.438883,270,en,1704194852431,Calvin_Coolidge_1925-07-03,
98,2409,756,3.186508,10.7142725,98,en,1704194852431,Calvin_Coolidge_1925-10-20,
99,10874,2242,4.850134,26.249428,477,en,1704194852431,Calvin_Coolidge_1925-12-08,
100,4426,1179,3.7540288,15.303291,204,en,1704194852431,Calvin_Coolidge_1926-07-05,
101,10330,2235,4.621924,24.77078,439,en,1704194852431,Calvin_Coolidge_1926-12-07,
102,4773,1461,3.2669404,15.203908,198,en,1704194852431,Calvin_Coolidge_1927-02-22,
103,1044,413,2.5278451,5.90066,53,en,1704194852835,Calvin_Coolidge_1927-08-10,
104,8800,2041,4.311612,21.447838,447,en,1704194852431,Calvin_Coolidge_1927-12-06,
105,8083,2054,3.9352484,19.695742,369,en,1704194852431,Calvin_Coolidge_1928-12-04,
106,433,244,1.7745901,3.9920716,14,en,1704194852835,Chester_A._Arthur_1881-09-22,
107,13334,2950,4.52,32.739197,421,en,1704194852431,Chester_A._Arthur_1881-12-06,
108,3005,769,3.9076724,14.065251,93,en,1704194852431,Chester_A._Arthur_1882-04-04,
109,1682,597,2.8174205,9.679001,39,en,1704194852835,Chester_A._Arthur_1882-04-18,
110,1208,414,2.9178743,6.9238696,36,en,1704194852835,Chester_A._Arthur_1882-07-01,
111,831,327,2.5412843,5.837049,23,en,1704194852835,Chester_A._Arthur_1882-08-01,
112,10310,2470,4.174089,26.635025,314,en,1704194852435,Chester_A._Arthur_1882-12-04,
113,8306,2114,3.9290445,23.630651,263,en,1704194852435,Chester_A._Arthur_1883-12-04,
114,332,151,2.1986754,3.6968813,8,en,1704194852835,Chester_A._Arthur_1884-07-01,
115,8900,2225,4.0,25.869171,282,en,1704194852435,Chester_A._Arthur_1884-12-01,
116,1859,679,2.7378497,9.73766,57,en,1704194852435,Chester_A._Arthur_1884-12-10,
117,3125,1203,2.5976725,9.300014,104,en,1704194852435,Franklin_Pierce_1853-03-04,
118,9610,2192,4.3841243,28.100594,231,en,1704194852435,Franklin_Pierce_1853-12-05,
119,269,147,1.829932,2.338991,6,en,1704194852835,Franklin_Pierce_1854-01-18,
120,585,236,2.4788136,6.1736894,8,en,1704194852835,Franklin_Pierce_1854-02-10,
121,546,256,2.1328125,5.068737,10,en,1704194852835,Franklin_Pierce_1854-03-14,
122,3029,859,3.5261931,14.974966,55,en,1704194852435,Franklin_Pierce_1854-05-15,
123,678,300,2.26,5.8611927,14,en,1704194852835,Franklin_Pierce_1854-08-01,
124,521,253,2.0592885,3.701196,12,en,1704194852835,Franklin_Pierce_1854-08-04,
125,10153,2319,4.37818,27.527704,266,en,1704194852435,Franklin_Pierce_1854-12-04,
126,7123,1430,4.9811187,26.832249,142,en,1704194852435,Franklin_Pierce_1854-12-30,
127,11622,2343,4.960307,35.061367,274,en,1704194852435,Franklin_Pierce_1855-12-31,
128,4211,1025,4.1082926,19.957155,91,en,1704194852435,Franklin_Pierce_1856-01-24,
129,633,282,2.244681,5.648707,10,en,1704194852923,Franklin_Pierce_1856-02-11,
130,905,418,2.1650717,7.0523243,16,en,1704194852935,Franklin_Pierce_1856-08-21,
131,10510,2212,4.751356,32.743034,255,en,1704194852439,Franklin_Pierce_1856-12-02,
132,1434,596,2.4060402,6.8650546,25,en,1704194852935,George_Washington_1789-04-30,
133,435,206,2.1116505,4.0051384,5,en,1704194852935,George_Washington_1789-10-03,
134,850,391,2.173913,5.573788,21,en,1704194852935,George_Washington_1790-01-08,
135,1401,572,2.4493008,7.316647,40,en,1704194852935,George_Washington_1790-12-08,
136,1402,445,3.1505618,8.11168,48,en,1704194852935,George_Washington_1790-12-29,
137,2269,775,2.927742,11.578177,57,en,1704194852439,George_Washington_1791-10-25,
138,156,78,2.0,2.4120908,3,en,1704194852935,George_Washington_1792-04-05,
139,2359,797,2.9598494,10.927049,63,en,1704194852439,George_Washington_1792-11-06,
140,189,120,1.575,2.1130347,2,en,1704194852935,George_Washington_1792-12-12,
141,136,91,1.4945055,1.7661862,4,en,1704194852939,George_Washington_1793-03-04,
142,237,126,1.8809524,2.7874207,2,en,1704194852939,George_Washington_1793-04-22,
143,1835,798,2.2994988,8.151284,55,en,1704194852439,George_Washington_1793-12-03,
144,1277,476,2.682773,8.666099,6,en,1704194852939,George_Washington_1794-08-07,
145,653,333,1.960961,4.184917,3,en,1704194852939,George_Washington_1794-09-25,
146,2934,1099,2.6696997,11.75614,79,en,1704194852439,George_Washington_1794-11-19,
147,382,167,2.287425,3.668659,1,en,1704194852939,George_Washington_1795-07-10,
148,1977,786,2.5152671,9.022429,50,en,1704194852439,George_Washington_1795-12-08,
149,1065,378,2.8174603,7.6893263,19,en,1704194852939,George_Washington_1796-03-30,
150,1603,487,3.2915812,7.9670873,61,en,1704194853007,George_Washington_1796-08-29,
151,6074,1689,3.5962107,17.171953,174,en,1704194852439,George_Washington_1796-09-19,
152,2868,966,2.968944,12.1520195,77,en,1704194852439,George_Washington_1796-12-07,
153,1569,685,2.290511,8.355514,44,en,1704194853007,Grover_Cleveland_1885-03-04,
154,19818,3634,5.4534945,44.26184,558,en,1704194852439,Grover_Cleveland_1885-12-08,
155,1727,601,2.873544,10.038459,32,en,1704194852439,Grover_Cleveland_1886-03-01,
156,1160,467,2.4839401,6.5257215,24,en,1704194853007,Grover_Cleveland_1886-04-22,
157,819,336,2.4375,5.7496758,21,en,1704194853007,Grover_Cleveland_1886-05-08,
158,540,218,2.4770641,6.2874265,10,en,1704194853007,Grover_Cleveland_1886-05-11,
159,360,171,2.1052632,3.138101,11,en,1704194853007,Grover_Cleveland_1886-07-14,
160,15192,2961,5.130699,38.430756,413,en,1704194852443,Grover_Cleveland_1886-12-06,
161,4210,1017,4.1396265,15.801306,98,en,1704194852443,Grover_Cleveland_1887-02-11,
162,586,262,2.2366412,4.541561,15,en,1704194853007,Grover_Cleveland_1887-02-16,
163,5305,1340,3.9589553,18.20522,122,en,1704194852443,Grover_Cleveland_1887-12-06,
164,9945,869,11.444189,40.4114,243,en,1704194852443,Grover_Cleveland_1888-02-02,
165,2075,697,2.9770446,10.7182865,41,en,1704194852443,Grover_Cleveland_1888-10-01,
166,13269,2949,4.499491,32.94542,364,en,1704194852443,Grover_Cleveland_1888-12-03,
167,1879,838,2.2422435,7.562707,58,en,1704194852443,Grover_Cleveland_1893-03-04,
168,2079,740,2.8094594,9.239567,53,en,1704194852443,Grover_Cleveland_1893-08-08,
169,12351,2893,4.2692704,30.27716,377,en,1704194852443,Grover_Cleveland_1893-12-04,
170,3091,802,3.8541148,12.907427,76,en,1704194852443,Grover_Cleveland_1894-03-29,
171,15968,3225,4.951318,37.4928,466,en,1704194852443,Grover_Cleveland_1894-12-03,
172,2340,723,3.2365146,9.696828,71,en,1704194852443,Grover_Cleveland_1895-01-28,
173,734,299,2.4548495,6.014563,13,en,1704194853007,Grover_Cleveland_1895-02-08,
174,375,170,2.2058823,3.9641845,6,en,1704194853007,Grover_Cleveland_1895-06-12,
175,375,170,2.2058823,3.9641845,6,en,1704194853007,Grover_Cleveland_1895-06-12_2,
176,14709,2987,4.924339,32.077126,357,en,1704194852447,Grover_Cleveland_1895-12-02,
177,1555,556,2.7967627,7.663654,31,en,1704194853007,Grover_Cleveland_1895-12-17,
178,604,286,2.1118882,4.157605,13,en,1704194853007,Grover_Cleveland_1895-12-20,
179,565,236,2.3940678,5.1332674,6,en,1704194853007,Grover_Cleveland_1896-07-27,
180,15543,3162,4.91556,33.929577,424,en,1704194852447,Grover_Cleveland_1896-12-07,
181,384,215,1.7860465,3.1192484,8,en,1704194853007,Grover_Cleveland_1897-01-11,
182,1890,628,3.0095541,8.262822,51,en,1704194852447,Grover_Cleveland_1897-03-02,
183,6207,1429,4.343597,18.86318,284,en,1704194852447,Herbert_Hoover_1928-10-22,
184,3763,1025,3.6712196,14.759339,164,en,1704194852447,Herbert_Hoover_1929-03-04,
185,370,186,1.9892473,3.4687629,11,en,1704194853007,Herbert_Hoover_1929-06-11,
186,1100,432,2.5462964,7.0719004,27,en,1704194853007,Herbert_Hoover_1929-07-24,
187,1099,434,2.532258,7.044243,27,en,1704194853007,Herbert_Hoover_1929-07-24_2,
188,635,281,2.2597864,4.014276,32,en,1704194853023,Herbert_Hoover_1929-09-18,
189,207,124,1.6693548,1.8858557,5,en,1704194853023,Herbert_Hoover_1929-10-25,
190,997,335,2.9761195,6.3334985,42,en,1704194853023,Herbert_Hoover_1929-11-05,
191,591,275,2.149091,3.9600594,19,en,1704194853023,Herbert_Hoover_1929-11-19,
192,11043,2327,4.745595,28.020393,407,en,1704194852447,Herbert_Hoover_1929-12-03,
193,403,219,1.8401827,3.1209607,17,en,1704194853023,Herbert_Hoover_1930-03-07,
194,613,295,2.0779662,4.242323,26,en,1704194853023,Herbert_Hoover_1930-04-28,
195,1673,581,2.879518,7.793185,54,en,1704194853023,Herbert_Hoover_1930-06-16,
196,2186,616,3.5487013,9.864656,72,en,1704194852447,Herbert_Hoover_1930-07-07,
197,3715,1054,3.524668,13.334646,177,en,1704194852447,Herbert_Hoover_1930-10-02,
198,4553,1287,3.5376844,15.433949,162,en,1704194852447,Herbert_Hoover_1930-12-02,
199,311,159,1.9559748,2.719703,12,en,1704194853023,Herbert_Hoover_1930-12-09,
200,1471,511,2.8786693,7.8321204,46,en,1704194853023,Herbert_Hoover_1931-02-03,
201,2232,668,3.3413174,9.824256,82,en,1704194852447,Herbert_Hoover_1931-02-26,
202,867,397,2.1838791,4.6312447,60,en,1704194853023,Herbert_Hoover_1931-06-21,
203,966,344,2.8081396,5.459989,44,en,1704194853023,Herbert_Hoover_1931-09-22,
204,1393,487,2.8603697,7.217164,56,en,1704194853023,Herbert_Hoover_1931-10-18,
205,5698,1453,3.9215417,17.036484,250,en,1704194852451,Herbert_Hoover_1931-12-08,
206,822,386,2.1295338,5.1283584,35,en,1704194853023,Herbert_Hoover_1931-12-11,
207,2565,793,3.2345524,10.804296,77,en,1704194852451,Herbert_Hoover_1932-05-31,
208,7261,1667,4.3557286,21.300825,339,en,1704194852451,Herbert_Hoover_1932-08-11,
209,6586,1516,4.344327,20.123714,266,en,1704194852451,Herbert_Hoover_1932-10-21,
210,8709,1740,5.0051723,25.229105,325,en,1704194852451,Herbert_Hoover_1932-10-28,
211,8012,1847,4.3378453,21.804499,289,en,1704194852451,Herbert_Hoover_1932-11-05,
212,4225,1264,3.3425634,13.105718,160,en,1704194852451,Herbert_Hoover_1932-12-06,
213,2983,973,3.0657759,13.161617,111,en,1704194852451,James_A._Garfield_1881-03-04,
214,2650,982,2.6985743,9.300005,89,en,1704194852451,James_Buchanan_1857-03-04,
215,13682,2433,5.62351,34.66569,403,en,1704194852451,James_Buchanan_1857-12-08,
216,6673,1419,4.7026076,22.236683,206,en,1704194852451,James_Buchanan_1858-02-02,
217,16390,2762,5.934106,39.211037,517,en,1704194852455,James_Buchanan_1858-12-06,
218,1132,423,2.676123,6.6714764,34,en,1704194853023,James_Buchanan_1859-02-18,
219,3748,896,4.183036,16.651136,118,en,1704194852455,James_Buchanan_1859-02-24,
220,12376,2313,5.350627,32.51219,396,en,1704194852455,James_Buchanan_1859-12-19,
221,2411,739,3.262517,11.579645,72,en,1704194852455,James_Buchanan_1860-03-28,
222,1424,490,2.9061224,8.512433,39,en,1704194853027,James_Buchanan_1860-05-19,
223,3302,923,3.5774648,14.103399,113,en,1704194852455,James_Buchanan_1860-06-22,
224,14084,2499,5.6358542,36.184944,481,en,1704194852455,James_Buchanan_1860-12-03,
225,2004,733,2.73397,8.237519,74,en,1704194852455,James_Buchanan_1861-01-08,
226,755,320,2.359375,5.1685305,21,en,1704194853027,James_Buchanan_1861-01-28,
227,581,245,2.3714285,5.4521766,14,en,1704194853027,James_Buchanan_1861-03-01,
228,4812,1258,3.8251193,17.12729,153,en,1704194852455,James_K._Polk_1845-03-04,
229,16143,2548,6.3355575,42.242474,443,en,1704194852455,James_K._Polk_1845-12-02,
230,947,365,2.5945206,5.878343,27,en,1704194853027,James_K._Polk_1846-03-24,
231,988,356,2.775281,7.6677527,27,en,1704194853027,James_K._Polk_1846-04-13,
232,2979,882,3.377551,12.402138,87,en,1704194852455,James_K._Polk_1846-05-11,
233,269,137,1.9635036,3.428704,7,en,1704194853027,James_K._Polk_1846-05-13,
234,634,247,2.5668015,6.0481296,14,en,1704194853027,James_K._Polk_1846-06-10,
235,2948,747,3.9464524,13.836166,78,en,1704194852455,James_K._Polk_1846-08-03,
236,345,193,1.7875648,2.752168,10,en,1704194853027,James_K._Polk_1846-08-05,
237,681,284,2.3978872,5.1862955,14,en,1704194853027,James_K._Polk_1846-08-07,
238,500,216,2.3148148,4.3735957,12,en,1704194853027,James_K._Polk_1846-08-08,
239,18248,2642,6.9068885,45.593296,473,en,1704194852459,James_K._Polk_1846-12-08,
240,497,225,2.208889,4.21582,15,en,1704194853027,James_K._Polk_1846-12-29,
241,1794,525,3.4171429,10.136251,46,en,1704194852459,James_K._Polk_1847-02-13,
242,16444,2557,6.430974,41.048367,438,en,1704194852459,James_K._Polk_1847-12-07,
243,622,253,2.458498,5.383991,14,en,1704194853027,James_K._Polk_1848-02-22,
244,493,246,2.004065,4.0147667,12,en,1704194853027,James_K._Polk_1848-04-03,
245,718,312,2.3012822,5.097657,18,en,1704194853027,James_K._Polk_1848-05-29,
246,241,121,1.9917356,3.4749002,6,en,1704194853027,James_K._Polk_1848-07-04,
247,3011,707,4.25884,16.454918,75,en,1704194852459,James_K._Polk_1848-07-06,
248,500,195,2.5641026,5.444163,11,en,1704194853031,James_K._Polk_1848-08-01,
249,2134,732,2.9153006,9.614651,63,en,1704194852459,James_K._Polk_1848-08-14,
250,21360,3101,6.8881006,53.104847,596,en,1704194852459,James_K._Polk_1848-12-05,
251,3336,691,4.827786,18.47813,82,en,1704194852459,James_K._Polk_1849-01-02,
252,4138,833,4.967587,22.629757,98,en,1704194852459,James_K._Polk_1849-02-08,
253,1177,521,2.2591171,6.659582,21,en,1704194853031,James_Madison_1809-03-04,
254,1111,453,2.4525387,7.449569,25,en,1704194853031,James_Madison_1809-05-23,
255,1833,674,2.7195845,9.122739,40,en,1704194852459,James_Madison_1809-11-29,
256,620,278,2.2302158,5.448567,8,en,1704194853031,James_Madison_1810-10-27,
257,2450,854,2.8688524,11.739019,60,en,1704194852459,James_Madison_1810-12-05,
258,335,166,2.0180724,3.6539276,6,en,1704194853031,James_Madison_1811-02-21,
259,2275,806,2.8225806,10.22004,46,en,1704194852459,James_Madison_1811-11-05,
260,2851,902,3.160754,11.6497965,57,en,1704194852463,James_Madison_1812-06-01,
261,289,149,1.9395974,3.617204,5,en,1704194853031,James_Madison_1812-06-19,
262,310,171,1.8128655,3.0195556,5,en,1704194853031,James_Madison_1812-07-09,
263,3251,1087,2.9908004,13.064083,87,en,1704194852463,James_Madison_1812-11-04,
264,1211,518,2.337838,6.34347,33,en,1704194853031,James_Madison_1813-03-04,
265,2087,762,2.738845,10.759894,46,en,1704194852463,James_Madison_1813-05-25,
266,798,362,2.2044199,5.252851,6,en,1704194853031,James_Madison_1813-07-23,
267,3263,1046,3.1195028,13.552099,66,en,1704194852463,James_Madison_1813-12-07,
268,692,339,2.041298,4.9713445,8,en,1704194853031,James_Madison_1814-09-01,
269,2118,804,2.6343284,9.458996,50,en,1704194852463,James_Madison_1814-09-20,
270,1280,439,2.9157176,9.508453,21,en,1704194853031,James_Madison_1815-01-30,
271,829,386,2.1476684,6.3468127,10,en,1704194853031,James_Madison_1815-02-18,
272,3158,1031,3.0630455,14.571181,54,en,1704194852463,James_Madison_1815-12-05,
273,3375,1059,3.1869688,14.668903,69,en,1704194852463,James_Madison_1816-12-03,
274,815,288,2.8298612,7.4053054,13,en,1704194853031,James_Madison_1817-03-03,
275,3380,979,3.4525025,12.905372,123,en,1704194852463,James_Monroe_1817-03-04,
276,4437,1170,3.7923076,17.105232,122,en,1704194852463,James_Monroe_1817-12-02,
277,4381,1187,3.690817,16.180305,112,en,1704194852463,James_Monroe_1818-11-16,
278,4715,1142,4.1287217,18.149542,129,en,1704194852463,James_Monroe_1819-12-07,
279,3449,1023,3.3714564,13.954387,83,en,1704194852463,James_Monroe_1820-11-14,
280,4476,1202,3.7237937,15.0665,131,en,1704194852463,James_Monroe_1821-03-05,
281,5833,1270,4.592913,21.842379,147,en,1704194852463,James_Monroe_1821-12-03,
282,4739,1211,3.9132948,18.12924,116,en,1704194852463,James_Monroe_1822-12-03,
283,6390,1518,4.209486,22.328455,180,en,1704194852463,James_Monroe_1823-12-02,
284,8427,1669,5.0491314,26.721922,244,en,1704194852467,James_Monroe_1824-12-07,
285,2321,794,2.923174,10.005315,38,en,1704194852467,John_Adams_1797-03-04,
286,3025,952,3.177521,12.31163,78,en,1704194852467,John_Adams_1797-05-16,
287,2049,701,2.9229672,9.899195,57,en,1704194852467,John_Adams_1797-11-22,
288,655,308,2.1266234,4.7195144,7,en,1704194853035,John_Adams_1798-03-23,
289,2218,792,2.8005052,10.701234,54,en,1704194852467,John_Adams_1798-12-08,
290,1494,576,2.59375,8.50687,35,en,1704194853035,John_Adams_1799-12-03,
291,1255,492,2.550813,6.2513103,60,en,1704194853035,John_Adams_1799-12-19,
292,291,149,1.9530201,3.2138543,4,en,1704194853035,John_Adams_1800-05-21,
293,1374,537,2.5586593,7.7064137,40,en,1704194853035,John_Adams_1800-11-22,
294,448,222,2.018018,4.004482,19,en,1704194853035,John_Quincy_Adams_1821-07-04,
295,2918,962,3.033264,14.041522,76,en,1704194852467,John_Quincy_Adams_1825-03-04,
296,9025,2042,4.419687,30.108324,207,en,1704194852467,John_Quincy_Adams_1825-12-06,
297,1051,415,2.53253,6.699793,25,en,1704194853035,John_Quincy_Adams_1825-12-06_2,
298,7759,1755,4.4210825,27.413052,171,en,1704194852467,John_Quincy_Adams_1826-12-05,
299,1468,455,3.2263737,10.507778,24,en,1704194853035,John_Quincy_Adams_1827-02-05,
300,6992,1739,4.0207014,25.947758,164,en,1704194852467,John_Quincy_Adams_1827-12-04,
301,7320,1732,4.226328,27.34996,194,en,1704194852467,John_Quincy_Adams_1828-12-02,
302,83,60,1.3833333,0.9036961,3,en,1704194853035,John_Quincy_Adams_1841-02-24,
303,1672,646,2.5882354,8.627024,41,en,1704194853035,John_Tyler_1841-04-09,
304,5993,1501,3.9926715,21.445667,157,en,1704194852467,John_Tyler_1841-06-01,
305,2520,702,3.5897436,11.495074,66,en,1704194852467,John_Tyler_1841-08-16,
306,2270,702,3.2336183,10.573005,65,en,1704194852467,John_Tyler_1841-09-09,
307,8252,1924,4.2889814,25.008343,197,en,1704194852471,John_Tyler_1841-12-07,
308,2566,812,3.1600986,11.890644,57,en,1704194852471,John_Tyler_1842-03-25,
309,695,313,2.2204473,4.872012,14,en,1704194853035,John_Tyler_1842-05-10,
310,3237,941,3.4399574,14.183218,76,en,1704194852471,John_Tyler_1842-08-09,
311,8190,1588,5.1574306,31.634657,284,en,1704194852471,John_Tyler_1842-08-11,
312,657,275,2.389091,5.5108943,19,en,1704194853035,John_Tyler_1842-08-18,
313,8433,1948,4.3290553,25.74395,205,en,1704194852471,John_Tyler_1842-12-06,
314,1491,531,2.8079095,8.4449835,32,en,1704194853035,John_Tyler_1842-12-30,
315,8045,1874,4.2929564,24.840528,193,en,1704194852471,John_Tyler_1843-12-05,
316,1960,585,3.3504274,11.85032,29,en,1704194852471,John_Tyler_1844-04-09,
317,1613,533,3.0262663,10.367825,40,en,1704194853035,John_Tyler_1844-06-11,
318,9330,2012,4.637177,27.819544,267,en,1704194852471,John_Tyler_1844-12-03,
319,1767,632,2.795886,8.708219,33,en,1704194852471,John_Tyler_1844-12-18,
320,1090,421,2.5890737,6.5184555,18,en,1704194853035,John_Tyler_1845-02-20,
321,3844,1252,3.0702875,11.858606,98,en,1704194852471,Martin_Van_Buren_1837-03-04,
322,11766,2081,5.6540127,33.868557,303,en,1704194852471,Martin_Van_Buren_1837-09-04,
323,11471,2250,5.0982223,32.447975,279,en,1704194852611,Martin_Van_Buren_1837-12-05,
324,395,185,2.1351352,4.352424,5,en,1704194853035,Martin_Van_Buren_1838-01-05,
325,511,243,2.1028807,4.241875,6,en,1704194853035,Martin_Van_Buren_1838-11-21,
326,11515,2281,5.0482244,33.493313,264,en,1704194852615,Martin_Van_Buren_1838-12-03,
327,2103,629,3.3434021,12.746663,35,en,1704194852615,Martin_Van_Buren_1839-02-16,
328,13466,2521,5.3415313,34.01899,338,en,1704194852615,Martin_Van_Buren_1839-12-02,
329,9001,2061,4.3672976,26.3631,181,en,1704194852615,Martin_Van_Buren_1840-12-05,
330,869,338,2.5710058,6.329432,24,en,1704194853039,Martin_Van_Buren_1841-01-02,
331,3212,776,4.1391754,16.89791,61,en,1704194852615,Millard_Fillmore_1850-08-06,
332,7785,2313,3.3657587,19.941095,231,en,1704194852615,Millard_Fillmore_1850-12-02,
333,610,261,2.3371646,5.4045315,19,en,1704194853039,Millard_Fillmore_1850-12-13,
334,905,276,3.2789855,9.069332,12,en,1704194853039,Millard_Fillmore_1850-12-13_2,
335,3319,819,4.052503,16.402962,60,en,1704194852615,Millard_Fillmore_1851-02-19,
336,13271,2577,5.1497865,35.55814,351,en,1704194852615,Millard_Fillmore_1851-12-02,
337,9955,2262,4.4009724,28.42364,283,en,1704194852619,Millard_Fillmore_1852-12-06,
338,2325,872,2.6662843,10.328579,59,en,1704194852619,Rutherford_B._Hayes_1877-03-05,
339,141,88,1.6022727,1.678394,6,en,1704194853039,Rutherford_B._Hayes_1877-06-22,
340,305,144,2.1180556,3.6229582,7,en,1704194853039,Rutherford_B._Hayes_1877-07-18,
341,10740,2234,4.80752,32.77874,284,en,1704194852619,Rutherford_B._Hayes_1877-12-03,
342,1133,379,2.989446,7.2151294,30,en,1704194853039,Rutherford_B._Hayes_1878-02-08,
343,7904,1940,4.074227,26.489805,228,en,1704194852619,Rutherford_B._Hayes_1878-12-02,
344,3182,848,3.7523584,15.604013,63,en,1704194852619,Rutherford_B._Hayes_1879-03-01,
345,388,168,2.3095238,4.5080795,8,en,1704194853039,Rutherford_B._Hayes_1879-04-26,
346,4912,1017,4.8298917,21.894648,154,en,1704194852619,Rutherford_B._Hayes_1879-04-29,
347,2385,598,3.9882944,14.944729,52,en,1704194852619,Rutherford_B._Hayes_1879-05-12,
348,4128,899,4.5917687,19.899279,119,en,1704194852619,Rutherford_B._Hayes_1879-05-29,
349,11672,2333,5.0030003,34.411076,311,en,1704194852619,Rutherford_B._Hayes_1879-12-01,
350,540,221,2.443439,4.641974,14,en,1704194853039,Rutherford_B._Hayes_1880-03-08,
351,3578,773,4.6287193,16.621216,82,en,1704194852619,Rutherford_B._Hayes_1880-06-15,
352,13388,2696,4.965875,37.362133,405,en,1704194852623,Rutherford_B._Hayes_1880-12-06,
353,1251,402,3.1119404,8.60087,31,en,1704194853039,Rutherford_B._Hayes_1881-03-03,
354,300,152,1.9736842,3.285423,10,en,1704194853039,Theodore_Roosevelt_1901-09-14,
355,19712,3363,5.861433,41.218697,678,en,1704194852623,Theodore_Roosevelt_1901-12-03,
356,1206,498,2.4216866,5.6217895,36,en,1704194853039,Theodore_Roosevelt_1902-06-13,
357,9823,2176,4.5142465,24.93915,332,en,1704194852623,Theodore_Roosevelt_1902-12-02,
358,241,121,1.9917356,3.722669,4,en,1704194853039,Theodore_Roosevelt_1903-10-20,
359,2607,720,3.6208334,13.581336,71,en,1704194852623,Theodore_Roosevelt_1903-11-10,
360,6288,1296,4.851852,19.064766,353,en,1704194852623,Theodore_Roosevelt_1903-11-16,
361,15003,2896,5.180594,37.729603,504,en,1704194852623,Theodore_Roosevelt_1903-12-07,
362,3864,784,4.928571,22.749792,81,en,1704194852623,Theodore_Roosevelt_1903-12-07_2,
363,2221,516,4.3042636,14.028766,30,en,1704194852623,Theodore_Roosevelt_1904-02-11,
364,17508,3176,5.512594,37.16658,530,en,1704194852627,Theodore_Roosevelt_1904-12-06,
365,923,412,2.2402914,4.606462,33,en,1704194853039,Theodore_Roosevelt_1905-03-04,
366,25176,3746,6.720769,49.593456,794,en,1704194852627,Theodore_Roosevelt_1905-12-05,
367,1117,440,2.5386364,6.3452926,34,en,1704194853039,Theodore_Roosevelt_1906-01-08,
368,954,368,2.5923913,6.135362,34,en,1704194853039,Theodore_Roosevelt_1906-06-04,
369,23675,3748,6.3167024,46.82707,664,en,1704194852627,Theodore_Roosevelt_1906-12-03,
370,1503,522,2.8793104,8.209282,55,en,1704194853039,Theodore_Roosevelt_1906-12-11,
371,12088,2208,5.4746375,30.79369,407,en,1704194852627,Theodore_Roosevelt_1906-12-17,
372,4468,1149,3.8885987,16.642525,137,en,1704194852631,Theodore_Roosevelt_1906-12-19,
373,27514,3936,6.9903455,53.959763,867,en,1704194852631,Theodore_Roosevelt_1907-12-03,
374,2599,792,3.2815657,11.136449,76,en,1704194852631,Theodore_Roosevelt_1908-03-25,
375,19520,3312,5.8937197,41.2105,620,en,1704194852631,Theodore_Roosevelt_1908-12-09,
376,1730,680,2.5441177,7.8990946,41,en,1704194853043,Thomas_Jefferson_1801-03-04,
377,1212,477,2.5408804,6.185245,45,en,1704194853043,Thomas_Jefferson_1801-07-12,
378,3229,1039,3.107796,11.285826,92,en,1704194852631,Thomas_Jefferson_1801-12-08,
379,234,139,1.6834532,2.1704068,5,en,1704194853043,Thomas_Jefferson_1802-01-01,
380,910,354,2.5706215,5.0089817,33,en,1704194853043,Thomas_Jefferson_1802-11-03,
381,2121,760,2.7907894,8.879351,59,en,1704194852631,Thomas_Jefferson_1802-12-15,
382,1283,530,2.4207547,6.9721527,32,en,1704194853043,Thomas_Jefferson_1803-01-18,
383,2338,794,2.9445844,10.270218,55,en,1704194852631,Thomas_Jefferson_1803-06-20,
384,1753,684,2.5628655,7.825915,37,en,1704194852631,Thomas_Jefferson_1803-10-17,
385,1140,392,2.9081633,6.1166606,44,en,1704194853043,Thomas_Jefferson_1803-12-17,
386,2098,715,2.9342659,9.9154625,50,en,1704194852631,Thomas_Jefferson_1804-11-08,
387,2151,776,2.7719073,8.300068,39,en,1704194852635,Thomas_Jefferson_1805-03-04,
388,2890,942,3.0679405,11.368508,77,en,1704194852635,Thomas_Jefferson_1805-12-03,
389,993,410,2.4219513,5.416628,28,en,1704194853043,Thomas_Jefferson_1805-12-06,
390,848,326,2.601227,4.977537,37,en,1704194853043,Thomas_Jefferson_1806-01-10,
391,425,194,2.1907218,4.117411,5,en,1704194853043,Thomas_Jefferson_1806-11-27,
392,2870,918,3.1263616,10.981165,73,en,1704194852635,Thomas_Jefferson_1806-12-02,
393,1165,369,3.1571815,6.699871,38,en,1704194853043,Thomas_Jefferson_1806-12-30,
394,1523,555,2.7441442,8.734932,36,en,1704194853043,Thomas_Jefferson_1807-01-22,
395,1140,452,2.5221238,6.4524145,36,en,1704194853043,Thomas_Jefferson_1807-02-10,
396,1174,433,2.7113163,7.288835,23,en,1704194853043,Thomas_Jefferson_1807-07-02,
397,2367,819,2.8901098,9.492508,60,en,1704194852635,Thomas_Jefferson_1807-10-27,
398,2681,917,2.923664,11.226462,54,en,1704194852635,Thomas_Jefferson_1808-11-08,
399,337,178,1.8932585,3.0392647,10,en,1704194853043,Thomas_Jefferson_1809-04-03,
400,1063,476,2.2331932,5.2256684,40,en,1704194853043,Ulysses_S._Grant_1869-03-04,
401,612,245,2.4979591,5.41448,6,en,1704194853043,Ulysses_S._Grant_1869-04-07,
402,825,302,2.7317882,6.317006,13,en,1704194853043,Ulysses_S._Grant_1869-05-14,
403,166,90,1.8444444,2.476456,6,en,1704194853043,Ulysses_S._Grant_1869-05-19,
404,7723,1809,4.2692094,24.657251,242,en,1704194852635,Ulysses_S._Grant_1869-12-06,
405,1003,400,2.5075,7.013052,27,en,1704194853043,Ulysses_S._Grant_1870-03-30,
406,272,134,2.0298507,3.3424594,6,en,1704194853043,Ulysses_S._Grant_1870-05-24,
407,1087,468,2.3226495,6.2940574,30,en,1704194853043,Ulysses_S._Grant_1870-05-31,
408,2545,832,3.0588942,12.200497,61,en,1704194852635,Ulysses_S._Grant_1870-06-13,
409,5697,1530,3.7235293,19.374422,144,en,1704194852635,Ulysses_S._Grant_1870-07-14,
410,1707,464,3.6788793,11.741194,29,en,1704194853043,Ulysses_S._Grant_1870-08-22,
411,8767,2068,4.239362,26.06245,264,en,1704194852635,Ulysses_S._Grant_1870-12-05,
412,563,236,2.3855932,5.972957,13,en,1704194853043,Ulysses_S._Grant_1871-02-07,
413,253,123,2.0569105,2.6896913,6,en,1704194853043,Ulysses_S._Grant_1871-02-15,
414,507,227,2.2334802,5.2006745,12,en,1704194853043,Ulysses_S._Grant_1871-05-03,
415,821,243,3.3786008,8.2194,7,en,1704194853043,Ulysses_S._Grant_1871-10-17,
416,6466,1675,3.8602984,22.150745,208,en,1704194852635,Ulysses_S._Grant_1871-12-04,
417,1437,469,3.0639658,8.5029,27,en,1704194853047,Ulysses_S._Grant_1871-12-19,
418,10062,2182,4.611366,30.949104,285,en,1704194852639,Ulysses_S._Grant_1872-12-02,
419,1256,559,2.2468693,5.8450623,43,en,1704194853047,Ulysses_S._Grant_1873-03-04,
420,10053,2228,4.5121183,28.550577,288,en,1704194852639,Ulysses_S._Grant_1873-12-01,
421,1488,513,2.9005847,8.216543,39,en,1704194853047,Ulysses_S._Grant_1874-04-22,
422,457,173,2.6416185,5.1915517,6,en,1704194853047,Ulysses_S._Grant_1874-09-15,
423,9838,2117,4.6471424,28.815685,287,en,1704194852639,Ulysses_S._Grant_1874-12-07,
424,4887,1247,3.9190056,17.738216,131,en,1704194852639,Ulysses_S._Grant_1875-01-13,
425,1078,408,2.6421568,6.536188,25,en,1704194853047,Ulysses_S._Grant_1875-01-14,
426,412,198,2.0808082,3.927456,11,en,1704194853047,Ulysses_S._Grant_1875-04-18,
427,12234,2460,4.9731708,32.231903,331,en,1704194852639,Ulysses_S._Grant_1875-12-07,
428,2784,693,4.017316,14.364062,67,en,1704194852639,Ulysses_S._Grant_1876-05-04,
429,299,154,1.9415585,3.5262544,8,en,1704194853047,Ulysses_S._Grant_1876-06-26,
430,6812,1686,4.0403323,23.79077,189,en,1704194852639,Ulysses_S._Grant_1876-12-05,
431,866,339,2.5545723,6.7411437,20,en,1704194853047,Ulysses_S._Grant_1877-01-29,
432,436,228,1.9122807,3.3108058,17,en,1704194853047,Warren_G._Harding_1917-04-04,
433,543,271,2.00369,3.9143593,28,en,1704194853047,Warren_G._Harding_1919-09-11,
434,491,244,2.012295,3.6055303,26,en,1704194853047,Warren_G._Harding_1920-01-20,
435,549,286,1.9195805,3.329375,20,en,1704194853047,Warren_G._Harding_1920-05-14,
436,6866,1778,3.8616424,19.710966,269,en,1704194852639,Warren_G._Harding_1920-06-12,
437,513,255,2.0117648,3.9797542,28,en,1704194853047,Warren_G._Harding_1920-07-22,
438,526,248,2.1209676,3.8221445,23,en,1704194853047,Warren_G._Harding_1920-07-22_2,
439,545,257,2.1206226,4.246902,28,en,1704194853047,Warren_G._Harding_1920-07-22_3,
440,557,251,2.2191236,4.143886,25,en,1704194853047,Warren_G._Harding_1920-07-22_4,
441,550,279,1.9713261,3.4991112,32,en,1704194853047,Warren_G._Harding_1920-07-22_5,
442,479,246,1.9471545,3.0252764,23,en,1704194853047,Warren_G._Harding_1920-08-25,
443,355,184,1.9293479,3.3257413,13,en,1704194853047,Warren_G._Harding_1920-08-28,
444,3308,1142,2.8966725,10.427573,148,en,1704194852643,Warren_G._Harding_1921-03-04,
445,546,249,2.1927712,3.6482139,29,en,1704194853047,Warren_G._Harding_1921-03-31,
446,691,316,2.186709,3.4887502,33,en,1704194853047,Warren_G._Harding_1921-05-23,
447,550,273,2.014652,3.3693807,29,en,1704194853047,Warren_G._Harding_1921-11-12,
448,5613,1565,3.5865815,16.204052,208,en,1704194852643,Warren_G._Harding_1921-12-06,
449,5765,1608,3.585199,16.898178,224,en,1704194852643,Warren_G._Harding_1922-12-08,
450,8459,1808,4.6786504,27.567719,211,en,1704194852643,William_Harrison_1841-03-04,
451,3702,1315,2.8152092,11.835828,130,en,1704194852643,William_McKinley_1897-03-04,
452,975,352,2.7698863,6.805051,30,en,1704194853047,William_McKinley_1897-03-15,
453,213,128,1.6640625,2.3885467,8,en,1704194853047,William_McKinley_1897-05-17,
454,577,262,2.20229,4.4593863,20,en,1704194853047,William_McKinley_1897-07-24,
455,12157,2511,4.8414974,33.057266,374,en,1704194852643,William_McKinley_1897-12-06,
456,5823,1581,3.683112,20.171452,151,en,1704194852643,William_McKinley_1898-04-11,
457,445,186,2.3924732,4.9013786,7,en,1704194853047,William_McKinley_1898-04-22,
458,321,152,2.1118422,4.0486274,5,en,1704194853047,William_McKinley_1898-04-23,
459,20293,3801,5.338858,46.06936,605,en,1704194852643,William_McKinley_1898-12-05,
460,22899,3912,5.8535275,50.478664,699,en,1704194852647,William_McKinley_1899-12-05,
461,2026,776,2.6108248,8.780659,77,en,1704194852647,William_McKinley_1900-07-12,
462,19213,3684,5.2152553,44.048428,590,en,1704194852647,William_McKinley_1900-12-03,
463,2074,859,2.4144354,8.46193,101,en,1704194852647,William_McKinley_1901-03-04,
464,2198,833,2.6386554,9.251445,102,en,1704194852647,William_McKinley_1901-09-05,
465,5075,1598,3.175845,15.646206,159,en,1704194852647,William_Taft_1909-03-04,
466,329,168,1.9583334,3.5144768,11,en,1704194853051,William_Taft_1909-03-16,
467,1178,430,2.7395349,7.6622815,33,en,1704194853051,William_Taft_1909-06-16,
468,7755,1390,5.579137,26.334133,226,en,1704194852647,William_Taft_1909-11-17,
469,13940,2556,5.453834,38.96156,379,en,1704194852651,William_Taft_1909-12-07,
470,8214,1551,5.295938,26.9557,152,en,1704194852651,William_Taft_1910-01-07,
471,4068,1025,3.9687805,17.917372,102,en,1704194852651,William_Taft_1910-01-14,
472,23602,3514,6.7165623,55.35254,708,en,1704194852651,William_Taft_1910-12-06,
473,2290,788,2.9060915,9.556297,77,en,1704194852651,William_Taft_1911-01-26,
474,2290,788,2.9060915,9.556297,77,en,1704194852651,William_Taft_1911-01-26_2,
475,23803,3605,6.602774,53.292633,696,en,1704194852651,William_Taft_1911-12-05,
476,25268,3805,6.640736,55.333187,721,en,1704194852655,William_Taft_1912-12-03,
477,1604,664,2.4156628,6.322084,68,en,1704194853051,Woodrow_Wilson_1913-03-04,
478,1157,458,2.5262008,5.844481,37,en,1704194853051,Woodrow_Wilson_1913-04-08,
479,1183,431,2.7447796,6.5560064,48,en,1704194853051,Woodrow_Wilson_1913-06-23,
480,1264,468,2.7008548,5.9821506,68,en,1704194853051,Woodrow_Wilson_1913-07-04,
481,1954,606,3.2244225,8.071732,70,en,1704194852655,Woodrow_Wilson_1913-10-25,
482,3562,1045,3.4086125,13.847573,109,en,1704194852655,Woodrow_Wilson_1913-12-02,
483,2525,767,3.292047,10.833091,76,en,1704194852655,Woodrow_Wilson_1914-01-20,
484,1307,464,2.8168104,7.1683593,39,en,1704194853051,Woodrow_Wilson_1914-04-20,
485,945,348,2.7155173,5.235337,37,en,1704194853051,Woodrow_Wilson_1914-05-30,
486,3230,787,4.104193,12.484569,122,en,1704194852655,Woodrow_Wilson_1914-07-04,
487,631,290,2.175862,4.088989,16,en,1704194853051,Woodrow_Wilson_1914-08-20,
488,1078,381,2.8293962,7.029994,37,en,1704194853051,Woodrow_Wilson_1914-10-20,
489,4545,1155,3.935065,14.838359,171,en,1704194852655,Woodrow_Wilson_1914-12-08,
490,859,372,2.3091397,5.321332,29,en,1704194853051,Woodrow_Wilson_1915-01-28,
491,7740,1683,4.5989304,21.308731,222,en,1704194852655,Woodrow_Wilson_1915-12-07,
492,1967,596,3.3003356,10.411148,41,en,1704194852655,Woodrow_Wilson_1916-04-19,
493,5532,1386,3.991342,17.592907,188,en,1704194852655,Woodrow_Wilson_1916-09-02,
494,5531,1387,3.9877434,17.584158,187,en,1704194852655,Woodrow_Wilson_1916-09-02_2,
495,1307,444,2.9436936,7.0123386,45,en,1704194853063,Woodrow_Wilson_1916-09-08,
496,2121,682,3.1099706,10.636343,53,en,1704194852655,Woodrow_Wilson_1916-12-05,
497,2687,712,3.7738764,11.645888,91,en,1704194852659,Woodrow_Wilson_1917-01-22,
498,1497,497,3.0120723,9.474704,29,en,1704194853063,Woodrow_Wilson_1917-02-03,
499,1642,574,2.8606272,7.608993,48,en,1704194853063,Woodrow_Wilson_1917-02-26,
500,1431,565,2.5327435,6.188333,59,en,1704194853063,Woodrow_Wilson_1917-03-05,
501,3678,1026,3.5847952,12.902302,102,en,1704194852659,Woodrow_Wilson_1917-04-02,
502,1541,435,3.5425286,10.070027,18,en,1704194853063,Woodrow_Wilson_1917-04-06,
503,1728,566,3.0530035,9.5963125,48,en,1704194853063,Woodrow_Wilson_1917-04-16,
504,1918,503,3.8131213,10.642921,48,en,1704194852659,Woodrow_Wilson_1917-05-18,
505,3929,1058,3.7136106,14.218268,137,en,1704194852659,Woodrow_Wilson_1917-12-04,
506,2502,760,3.2921052,10.882482,80,en,1704194852659,Woodrow_Wilson_1918-01-08,
507,5479,1405,3.8996441,17.17753,159,en,1704194852659,Woodrow_Wilson_1918-12-02,
508,4759,1337,3.5594616,16.131187,162,en,1704194852659,Woodrow_Wilson_1919-12-02,
509,2711,867,3.1268742,12.441737,72,en,1704194852659,Woodrow_Wilson_1920-12-07,
510,1091,481,2.2681913,6.6633954,22,en,1704194853067,Zachary_Taylor_1849-03-05,
511,7639,1779,4.2939854,24.931393,205,en,1704194852659,Zachary_Taylor_1849-12-04,
512,1679,558,3.0089605,9.411113,33,en,1704194853067,Zachary_Taylor_1850-01-23,
513,986,365,2.7013698,6.753601,23,en,1704194853067,Zachary_Taylor_1850-04-22,
